Match,Line,FT Score,Settlement Payout,Total Volume ($),Final Inventory,Inv Utilization,Total Trades,Net PnL ($)
伯恩茅斯 vs 埃弗顿,0.75,1-0,1.0,43392.76,-685.82,1.4%,21,-1006.27
阿斯顿维拉 vs 莱斯特城,1.5,2-1,1.0,43392.76,-685.82,1.4%,21,476.2
布莱顿 vs 阿森纳,-0.75,1-1,0.0,29330.3,4689.8,9.4%,14,-1415.88
水晶宫 vs 切尔西,-0.5,1-1,0.0,45173.64,-2466.7,4.9%,22,2990.72
富勒姆 vs 伊普斯维奇,1.0,2-2,1.0,53329.5,-10622.56,21.2%,27,-5537.98
利物浦 vs 曼彻斯特联,1.5,2-2,1.0,53329.5,-10622.56,21.2%,27,-4701.97
曼彻斯特城 vs 西汉姆联,1.75,4-1,1.0,33715.69,3215.03,6.4%,17,1970.47
南安普敦 vs 布伦特福德,-0.25,0-5,0.0,29330.3,4689.8,9.4%,14,-1697.2
托特纳姆热刺 vs 纽卡斯尔联,-0.5,1-2,0.0,30785.61,6145.11,12.3%,15,-2424.92
狼队 vs 诺丁汉森林,-0.25,0-3,0.0,45173.64,-2466.7,4.9%,22,4627.19
阿森纳 vs 托特纳姆热刺,1.5,2-1,1.0,31945.82,4984.9,10.0%,16,3276.04
布伦特福德 vs 曼彻斯特城,-1.0,2-2,0.0,33715.69,3215.03,6.4%,17,-2026.2
埃弗顿 vs 阿斯顿维拉,-0.25,0-1,0.0,29330.3,4689.8,9.4%,14,-1342.66
伊普斯维奇 vs 布莱顿,-0.5,0-2,0.0,31945.82,4984.9,10.0%,16,-618.06
莱斯特城 vs 水晶宫,-0.5,0-2,0.0,29330.3,4689.8,9.4%,14,-401.42
诺丁汉森林 vs 利物浦,-0.75,1-1,0.0,22621.25,6848.21,13.7%,11,-1804.38
西汉姆联 vs 富勒姆,-0.25,3-2,1.0,12989.83,3719.37,7.4%,6,1877.83
切尔西 vs 伯恩茅斯,1.0,2-2,1.0,22621.25,6848.21,13.7%,11,3991.19
纽卡斯尔联 vs 狼队,1.5,3-0,1.0,22621.25,6848.21,13.7%,11,3822.48
曼彻斯特联 vs 南安普敦,1.5,3-1,1.0,29330.3,4689.8,9.4%,14,2191.55
阿森纳 vs 阿斯顿维拉,1.0,2-2,1.0,31945.82,4984.9,10.0%,16,2588.34
布伦特福德 vs 利物浦,-1.25,0-2,0.0,38180.92,4526.02,9.1%,19,-253.94
切尔西 vs 狼队,1.5,3-1,1.0,31945.82,4984.9,10.0%,16,2384.53
埃弗顿 vs 托特纳姆热刺,0.0,3-2,1.0,38180.92,4526.02,9.1%,19,3130.91
伊普斯维奇 vs 曼彻斯特城,-1.25,0-6,0.0,26955.81,7064.28,14.1%,13,-2851.97
莱斯特城 vs 富勒姆,-0.5,0-2,0.0,10586.82,1316.36,2.6%,5,-1083.19
曼彻斯特联 vs 布莱顿,0.25,1-3,0.0,38180.92,4526.02,9.1%,19,-2061.51
纽卡斯尔联 vs 伯恩茅斯,1.0,1-4,0.0,29330.3,4689.8,9.4%,14,-2446.91
诺丁汉森林 vs 南安普敦,1.25,3-2,1.0,45173.64,-2466.7,4.9%,22,-1134.47
西汉姆联 vs 水晶宫,0.0,0-2,0.0,22621.25,6848.21,13.7%,11,-4009.76
皇家贝蒂斯 vs 阿拉维斯,0.75,1-3,0.0,22621.25,6848.21,13.7%,11,-2487.56
塞尔塔 vs 毕尔巴鄂竞技,0.0,1-2,0.0,26955.81,7064.28,14.1%,13,-2487.79
赫塔菲 vs 巴塞罗那,-1.0,1-1,0.0,45173.64,-2466.7,4.9%,22,3846.32
赫罗纳 vs 塞维利亚,0.5,1-2,0.0,30785.61,6145.11,12.3%,15,-2319.02
莱加内斯 vs 马德里竞技,-1.0,1-0,0.5,33715.69,3215.03,6.4%,17,1312.08
奥萨苏纳 vs 巴列卡诺,0.25,1-1,0.75,24896.57,9123.53,18.2%,12,1253.33
皇家马德里 vs 拉斯帕尔马斯,2.25,4-1,1.0,31945.82,4984.9,10.0%,16,4479.14
巴伦西亚 vs 皇家社会,-0.25,1-0,1.0,29330.3,4689.8,9.4%,14,2626.45
比利亚雷亚尔 vs 马洛卡,0.75,4-0,1.0,50204.16,-7497.22,15.0%,25,-4150.75
西班牙人 vs 巴拉多利德,0.5,2-1,1.0,17310.08,4089.08,8.2%,8,159.39
阿拉维斯 vs 塞尔塔,0.0,1-1,0.5,33715.69,3215.03,6.4%,17,-224.39
毕尔巴鄂竞技 vs 莱加内斯,1.25,0-0,1.0,33715.69,3215.03,6.4%,17,1795.95
马德里竞技 vs 比利亚雷亚尔,0.75,1-1,1.0,30785.61,6145.11,12.3%,15,3164.84
巴塞罗那 vs 巴伦西亚,2.0,7-1,1.0,47441.5,-4734.56,9.5%,24,-1199.33
拉斯帕尔马斯 vs 奥萨苏纳,0.25,1-1,0.75,12989.83,3719.37,7.4%,6,1445.02
马洛卡 vs 皇家贝蒂斯,0.25,0-1,0.0,38180.92,4526.02,9.1%,19,-2047.73
巴列卡诺 vs 赫罗纳,0.0,2-1,1.0,29330.3,4689.8,9.4%,14,3050.69
皇家社会 vs 赫塔菲,0.5,0-3,0.0,17310.08,4089.08,8.2%,8,-1782.32
巴拉多利德 vs 皇家马德里,-1.75,0-3,0.0,38180.92,4526.02,9.1%,19,-1591.28
塞维利亚 vs 西班牙人,0.75,1-1,1.0,26955.81,7064.28,14.1%,13,3637.64
马德里竞技 vs 马洛卡,1.25,2-0,1.0,15334.81,6064.35,12.1%,7,4632.05
巴塞罗那 vs 阿拉维斯,2.25,1-0,1.0,24896.57,9123.53,18.2%,12,5121.91
皇家贝蒂斯 vs 毕尔巴鄂竞技,-0.25,2-2,0.25,43392.76,-685.82,1.4%,21,213.11
赫塔菲 vs 塞维利亚,0.25,0-0,0.75,22621.25,6848.21,13.7%,11,3470.74
赫罗纳 vs 拉斯帕尔马斯,1.0,2-1,1.0,24896.57,9123.53,18.2%,12,3346.86
莱加内斯 vs 巴列卡诺,-0.25,0-1,0.0,10586.82,1316.36,2.6%,5,-594.73
奥萨苏纳 vs 皇家社会,0.0,2-1,1.0,10586.82,1316.36,2.6%,5,479.54
巴伦西亚 vs 塞尔塔,0.25,2-1,1.0,19460.49,6239.49,12.5%,9,3857.82
比利亚雷亚尔 vs 巴拉多利德,1.75,5-1,1.0,17310.08,4089.08,8.2%,8,1944.21
西班牙人 vs 皇家马德里,-1.5,1-0,0.0,43392.76,-685.82,1.4%,21,1125.15
AC米兰 vs 卡利亚里,1.5,1-1,1.0,12989.83,3719.37,7.4%,6,2670.5
博洛尼亚 vs 罗马,0.0,2-2,0.5,30785.61,6145.11,12.3%,15,1784.61
恩波利 vs 莱切,0.5,1-3,0.0,10586.82,1316.36,2.6%,5,-482.62
热那亚 vs 帕尔马,0.5,1-0,1.0,17310.08,4089.08,8.2%,8,2973.16
拉齐奥 vs 科莫,0.75,1-1,1.0,22621.25,6848.21,13.7%,11,3224.84
蒙扎 vs 佛罗伦萨,-0.5,2-1,1.0,26955.81,7064.28,14.1%,13,3944.96
那不勒斯 vs 维罗纳,1.75,2-0,1.0,17310.08,4089.08,8.2%,8,2711.18
都灵 vs 尤文图斯,-0.5,1-1,0.0,22621.25,6848.21,13.7%,11,-2457.28
乌迪内斯 vs 亚特兰大,-0.75,0-0,0.0,10586.82,1316.36,2.6%,5,-823.79
威尼斯 vs 国际米兰,-1.5,0-1,0.0,33715.69,3215.03,6.4%,17,-1709.52
罗马 vs 热那亚,1.0,3-1,1.0,22621.25,6848.21,13.7%,11,4738.13
亚特兰大 vs 那不勒斯,0.25,2-3,0.0,33715.69,3215.03,6.4%,17,-251.79
博洛尼亚 vs 蒙扎,1.0,3-1,1.0,10586.82,1316.36,2.6%,5,1984.73
卡利亚里 vs 莱切,0.5,4-1,1.0,33715.69,3215.03,6.4%,17,2171.4
科莫 vs 乌迪内斯,0.25,4-1,1.0,22621.25,6848.21,13.7%,11,3599.53
佛罗伦萨 vs 都灵,0.75,1-1,1.0,38180.92,4526.02,9.1%,19,2006.98
国际米兰 vs 恩波利,1.5,3-1,1.0,33715.69,3215.03,6.4%,17,2229.54
尤文图斯 vs AC米兰,0.25,2-0,1.0,38180.92,4526.02,9.1%,19,3673.97
帕尔马 vs 威尼斯,0.25,1-1,0.75,22621.25,6848.21,13.7%,11,3326.16
维罗纳 vs 拉齐奥,-0.75,0-3,0.0,33715.69,3215.03,6.4%,17,555.49
AC米兰 vs 帕尔马,1.75,3-2,1.0,33715.69,3215.03,6.4%,17,1631.34
科莫 vs 亚特兰大,-0.5,1-2,0.0,29330.3,4689.8,9.4%,14,-2235.94
恩波利 vs 博洛尼亚,-0.5,1-1,0.0,22621.25,6848.21,13.7%,11,-3092.89
热那亚 vs 蒙扎,0.25,2-0,1.0,22621.25,6848.21,13.7%,11,3177.32
拉齐奥 vs 佛罗伦萨,0.5,1-2,0.0,10586.82,1316.36,2.6%,5,-246.16
莱切 vs 国际米兰,-1.5,0-4,0.0,24896.57,9123.53,18.2%,12,-4651.1
那不勒斯 vs 尤文图斯,0.25,2-1,1.0,38180.92,4526.02,9.1%,19,3386.81
都灵 vs 卡利亚里,0.25,2-0,1.0,22621.25,6848.21,13.7%,11,3876.6
乌迪内斯 vs 罗马,-0.25,1-2,0.0,22621.25,6848.21,13.7%,11,-4202.97
威尼斯 vs 维罗纳,0.25,1-1,0.75,33715.69,3215.03,6.4%,17,2385.81
