Match,Line,FT Score,Settlement Payout,Total Volume ($),Final Inventory,Peak Inventory,Inv Utilization,Total Trades,Hedge Count,Hedge Cost ($),Net PnL ($)
伯恩茅斯 vs 埃弗顿,0.75,1-0,1.0,48766.29,-6059.35,6848.21,13.7%,21,1,26.87,-2566.07
阿斯顿维拉 vs 莱斯特城,1.5,2-1,1.0,48766.29,-6059.35,6848.21,13.7%,21,1,26.87,-2440.13
布莱顿 vs 阿森纳,-0.75,1-1,0.0,34703.82,-683.73,6848.21,13.7%,14,1,26.87,1213.17
水晶宫 vs 切尔西,-0.5,1-1,0.0,54637.4,-3750.0,6848.21,13.7%,22,2,47.32,2952.37
富勒姆 vs 伊普斯维奇,1.0,2-2,1.0,67823.77,-6875.34,6875.34,13.8%,27,3,72.47,-3225.05
利物浦 vs 曼彻斯特联,1.5,2-2,1.0,67823.77,-6875.34,6875.34,13.8%,27,3,72.47,-2772.93
曼彻斯特城 vs 西汉姆联,1.75,4-1,1.0,39089.22,-2158.5,6848.21,13.7%,17,1,26.87,-946.08
南安普敦 vs 布伦特福德,-0.25,0-5,0.0,34703.82,-683.73,6848.21,13.7%,14,1,26.87,940.15
托特纳姆热刺 vs 纽卡斯尔联,-0.5,1-2,0.0,36159.14,771.58,6848.21,13.7%,15,1,26.87,155.62
狼队 vs 诺丁汉森林,-0.25,0-3,0.0,54637.4,-3750.0,6848.21,13.7%,22,2,47.32,3474.87
阿森纳 vs 托特纳姆热刺,1.5,2-1,1.0,37319.34,-388.63,6848.21,13.7%,16,1,26.87,-85.29
布伦特福德 vs 曼彻斯特城,-1.0,2-2,0.0,39089.22,-2158.5,6848.21,13.7%,17,1,26.87,1857.71
埃弗顿 vs 阿斯顿维拉,-0.25,0-1,0.0,34703.82,-683.73,6848.21,13.7%,14,1,26.87,952.53
伊普斯维奇 vs 布莱顿,-0.5,0-2,0.0,37319.34,-388.63,6848.21,13.7%,16,1,26.87,1232.39
莱斯特城 vs 水晶宫,-0.5,0-2,0.0,34703.82,-683.73,6848.21,13.7%,14,1,26.87,1312.73
诺丁汉森林 vs 利物浦,-0.75,1-1,0.0,22621.25,6848.21,6848.21,13.7%,11,0,0.0,-2304.84
西汉姆联 vs 富勒姆,-0.25,3-2,1.0,12989.83,3719.37,2370.55,4.7%,6,0,0.0,1933.87
切尔西 vs 伯恩茅斯,1.0,2-2,1.0,22621.25,6848.21,6848.21,13.7%,11,0,0.0,3538.32
纽卡斯尔联 vs 狼队,1.5,3-0,1.0,22621.25,6848.21,6239.49,12.5%,11,0,0.0,3718.83
曼彻斯特联 vs 南安普敦,1.5,3-1,1.0,34703.82,-683.73,6848.21,13.7%,14,1,26.87,-164.09
阿森纳 vs 阿斯顿维拉,1.0,2-2,1.0,37319.34,-388.63,6848.21,13.7%,16,1,26.87,-26.39
布伦特福德 vs 利物浦,-1.25,0-2,0.0,43554.45,-847.5,6848.21,13.7%,19,1,26.87,1965.28
切尔西 vs 狼队,1.5,3-1,1.0,37319.34,-388.63,6848.21,13.7%,16,1,26.87,-245.85
埃弗顿 vs 托特纳姆热刺,0.0,3-2,1.0,43554.45,-847.5,6848.21,13.7%,19,1,26.87,402.75
伊普斯维奇 vs 曼彻斯特城,-1.25,0-6,0.0,32329.34,1690.75,6848.21,13.7%,13,1,26.87,-249.25
莱斯特城 vs 富勒姆,-0.5,0-2,0.0,10586.82,1316.36,2370.55,4.7%,5,0,0.0,-432.04
曼彻斯特联 vs 布莱顿,0.25,1-3,0.0,43554.45,-847.5,6848.21,13.7%,19,1,26.87,867.39
纽卡斯尔联 vs 伯恩茅斯,1.0,1-4,0.0,34703.82,-683.73,6848.21,13.7%,14,1,26.87,630.3
诺丁汉森林 vs 南安普敦,1.25,3-2,1.0,54637.4,-3750.0,6848.21,13.7%,22,2,47.32,-1452.54
西汉姆联 vs 水晶宫,0.0,0-2,0.0,22621.25,6848.21,6848.21,13.7%,11,0,0.0,-2993.42
皇家贝蒂斯 vs 阿拉维斯,0.75,1-3,0.0,22621.25,6848.21,6848.21,13.7%,11,0,0.0,-2932.73
塞尔塔 vs 毕尔巴鄂竞技,0.0,1-2,0.0,32329.34,1690.75,6848.21,13.7%,13,1,26.87,-217.3
赫塔菲 vs 巴塞罗那,-1.0,1-1,0.0,54637.4,-3750.0,6848.21,13.7%,22,2,47.32,3484.59
赫罗纳 vs 塞维利亚,0.5,1-2,0.0,36159.14,771.58,6848.21,13.7%,15,1,26.87,-102.17
莱加内斯 vs 马德里竞技,-1.0,1-0,0.5,39089.22,-2158.5,6848.21,13.7%,17,1,26.87,850.94
奥萨苏纳 vs 巴列卡诺,0.25,1-1,0.75,30270.09,3750.0,6848.21,13.7%,12,1,26.87,1121.67
皇家马德里 vs 拉斯帕尔马斯,2.25,4-1,1.0,37319.34,-388.63,6848.21,13.7%,16,1,26.87,-158.36
巴伦西亚 vs 皇家社会,-0.25,1-0,1.0,34703.82,-683.73,6848.21,13.7%,14,1,26.87,473.44
比利亚雷亚尔 vs 马洛卡,0.75,4-0,1.0,64698.43,-3750.0,6848.21,13.7%,25,3,72.47,-880.77
西班牙人 vs 巴拉多利德,0.5,2-1,1.0,17310.08,4089.08,6064.35,12.1%,8,0,0.0,2186.16
阿拉维斯 vs 塞尔塔,0.0,1-1,0.5,39089.22,-2158.5,6848.21,13.7%,17,1,26.87,508.73
毕尔巴鄂竞技 vs 莱加内斯,1.25,0-0,1.0,39089.22,-2158.5,6848.21,13.7%,17,1,26.87,-679.79
马德里竞技 vs 比利亚雷亚尔,0.75,1-1,1.0,36159.14,771.58,6848.21,13.7%,15,1,26.87,648.78
巴塞罗那 vs 巴伦西亚,2.0,7-1,1.0,56905.25,-6017.86,6848.21,13.7%,24,2,47.32,-2174.04
拉斯帕尔马斯 vs 奥萨苏纳,0.25,1-1,0.75,12989.83,3719.37,3719.37,7.4%,6,0,0.0,1249.23
马洛卡 vs 皇家贝蒂斯,0.25,0-1,0.0,43554.45,-847.5,6848.21,13.7%,19,1,26.87,1291.25
巴列卡诺 vs 赫罗纳,0.0,2-1,1.0,34703.82,-683.73,6848.21,13.7%,14,1,26.87,487.23
皇家社会 vs 赫塔菲,0.5,0-3,0.0,17310.08,4089.08,6064.35,12.1%,8,0,0.0,-1814.83
巴拉多利德 vs 皇家马德里,-1.75,0-3,0.0,43554.45,-847.5,6848.21,13.7%,19,1,26.87,1954.14
塞维利亚 vs 西班牙人,0.75,1-1,1.0,32329.34,1690.75,6848.21,13.7%,13,1,26.87,1007.97
马德里竞技 vs 马洛卡,1.25,2-0,1.0,15334.81,6064.35,3719.37,7.4%,7,0,0.0,3639.27
巴塞罗那 vs 阿拉维斯,2.25,1-0,1.0,30270.09,3750.0,6848.21,13.7%,12,1,26.87,2522.75
皇家贝蒂斯 vs 毕尔巴鄂竞技,-0.25,2-2,0.25,48766.29,-6059.35,6848.21,13.7%,21,1,26.87,2816.49
赫塔菲 vs 塞维利亚,0.25,0-0,0.75,22621.25,6848.21,6848.21,13.7%,11,0,0.0,2497.36
